Street,City,Postal,Country
2163 Duis Av.,Linton,Z0187,Burkina Faso
"P.O. Box 711, 4721 Morbi Rd.",Red Deer,01736,Australia
Ap #772-8569 Phasellus St.,Hudiksvall,38330,Guadeloupe
"P.O. Box 417, 7266 Dictum Rd.",Dolgellau,68-694,Chile
511-4295 Duis Street,Huntingdon,Z0702,Iceland
822-5077 Scelerisque Rd.,Neath,76314-886,Lesotho
"Ap #481-4345 Ut, Street",Katav-Ivanovsk,24587,Greenland
"4720 Montes, Av.",Zavitinsk,76905,Gambia
557-5956 Donec Road,Ozherelye,33358,Iceland
"P.O. Box 531, 4227 Hendrerit St.",Bolano,86103,Liberia
"P.O. Box 868, 7475 Vulputate, Ave",Machynlleth,81240-429,Western Sahara
385-3405 Suspendisse Street,Borgomasino,60501,Anguilla
Ap #118-5450 Metus Street,Astore,92805,Aruba
2551 Convallis St.,Chicoutimi,8001,India
"P.O. Box 336, 9848 Id Road",Treglio,11215,Panama
"Ap #364-1279 Sem, Ave",Olathe,03856,Belgium
373-9806 Pede. Street,Moncton,5131 IW,Philippines
Ap #172-2456 Aenean Street,Monte San Savino,296742,"Korea, South"
"P.O. Box 497, 1608 Per Rd.",Stamford,83649-852,Kazakhstan
"P.O. Box 556, 4454 Curabitur Road",Camiña,95025,"Saint Helena, Ascension and Tristan da Cunha"
"P.O. Box 829, 6464 Suspendisse Rd.",Geoje,62072,Cambodia
"P.O. Box 811, 9642 Dignissim. St.",Forchies-la-Marche,02295-918,Russian Federation
3042 Tellus Rd.,Meetkerke,64629,Philippines
Ap #381-4116 Non Rd.,Tiruppur,30257,Belarus
Ap #783-3351 Fames Avenue,Deschambault,4157,Tajikistan
1013 Rutrum Road,Nevers,7021 FZ,New Zealand
5420 Tincidunt Rd.,Lincoln,242992,United States Minor Outlying Islands
"P.O. Box 493, 9272 Rhoncus. Ave",Jelenia Góra,19342,Canada
7445 Facilisis. Av.,Hulshout,65816,Chad
5923 Tempor Av.,Silvassa,12223,Mozambique
Ap #975-1741 Eros Av.,San Felice a Cancello,570701,Taiwan
"841-7382 Nec, St.",Marchihue,3571,Honduras
Ap #366-5694 Sem St.,Zaffelare,20480,Belgium
561-1310 Vivamus Street,Baton Rouge,220531,Bulgaria
"P.O. Box 641, 7361 Ipsum Rd.",San Lorenzo Nuovo,98796,Monaco
"P.O. Box 862, 6694 Lectus St.",Amiens,80742,French Guiana
Ap #331-9400 Magnis Ave,Kızılcahamam,985033,Belgium
Ap #964-6287 Quisque Rd.,San Esteban,3448,Mexico
5998 Nec Rd.,Lexington,3788,Indonesia
Ap #336-7462 Fringilla Road,Diyarbakır,C4C 8M4,Romania
"P.O. Box 968, 9798 Vestibulum Ave",Wiekevorst,30254,Montserrat
Ap #974-5150 Mauris Ave,Mold,620607,Sweden
"P.O. Box 381, 9894 Nascetur St.",Victor Harbor,11990,Laos
"P.O. Box 455, 7666 Vivamus Road",Tulita,57761,Rwanda
"Ap #624-5941 Montes, St.",Calais,8786,Sudan
"Ap #357-4188 Mi, Road",Sambalpur,0680,Croatia
941-9573 Iaculis Rd.,Munich,768015,Guam
"P.O. Box 696, 5054 Mi Ave",Quickborn,Z5629,French Guiana
"P.O. Box 566, 9584 Curabitur Av.",Rennes,17939,Bosnia and Herzegovina
9307 Donec Avenue,San Bernardo,359603,Moldova
"Ap #204-4516 Lacus, Ave",Thorold,8897 BQ,Qatar
Ap #877-4956 Curabitur Av.,Piringen,553746,Bahrain
110-7406 A Av.,San Marcello,95706,Dominica
6389 Vitae Ave,Radebeul,14807,Samoa
Ap #478-2864 Condimentum. Road,Carcassonne,9563,Greenland
3700 Dolor Ave,Bayonne,41571,El Salvador
788-384 Pharetra. Ave,Banbury,41407,Pitcairn Islands
"P.O. Box 307, 8027 Ad Rd.",Waarmaarde,J1A 8X2,Uruguay
"P.O. Box 482, 7450 Nulla St.",Provost,15496-138,Singapore
7129 Ligula St.,Houffalize,H2Y 8R4,Bahamas
284-1368 Sem Road,Zavitinsk,6952,Lebanon
Ap #782-5895 Adipiscing. Rd.,Whakatane,4131,Suriname
302-8332 Ipsum. Rd.,Forio,847333,Nigeria
8909 Mi. Road,Messancy,27354,United Arab Emirates
"P.O. Box 872, 1561 Et St.",Waiblingen,1444,"Palestine, State of"
Ap #734-713 Nullam St.,Lakeshore,99258,Nauru
754-4663 Dis Rd.,Annone di Brianza,816623,Madagascar
"Ap #286-433 Aliquet, Road",Wemmel,41112,Christmas Island
Ap #742-1498 At Road,Zapallar,18663,Ireland
257-4690 Vel Street,Juan Fernández,21492,Singapore
"P.O. Box 825, 9857 Ipsum St.",Penticton,Q62 2WH,Malaysia
124-3173 Tellus. Av.,Verrebroek,3725,Indonesia
2636 Hendrerit St.,Shigar,96356-18557,Papua New Guinea
153-6585 Lorem Av.,Forchies-la-Marche,04863,Switzerland
"Ap #542-7745 A, Rd.",Villa Alemana,6112,Yemen
"P.O. Box 502, 9253 Sem St.",Béthune,864610,Syria
3160 Duis Road,South Portland,7409,Colombia
"P.O. Box 920, 8504 Mauris Street",Long Eaton,7540,Bouvet Island
Ap #965-685 Risus. Rd.,Huacho,17526,Mauritius
"P.O. Box 992, 9088 Est Avenue",Borsbeek,23992,Guinea
732-3772 Arcu. Rd.,Springfield,779019,New Zealand
"P.O. Box 273, 7364 Lectus St.",Zaanstad,1827,Mauritius
458-4136 Diam. St.,Marlborough,5210 DF,Tuvalu
"P.O. Box 931, 1425 Tempor St.",Merzig,369837,Bulgaria
Ap #625-7484 Interdum St.,Drumheller,787418,Northern Mariana Islands
"P.O. Box 861, 164 Quis, Rd.",Reutov,155783,Seychelles
9308 Pede. Street,Linkhout,03-845,Belarus
"P.O. Box 612, 8747 Aenean Rd.",St. Andrä,31786,Somalia
910-4072 Ipsum Av.,Ergani,761541,Fiji
"P.O. Box 788, 2094 Egestas. Road",Milazzo,51171,Jersey
"P.O. Box 203, 4434 Molestie Av.",Jaranwala,12274,Antigua and Barbuda
"P.O. Box 988, 4251 Enim Ave",Oppido Mamertina,986699,Dominica
"P.O. Box 337, 3848 Elit Road",Louisville,00098,Swaziland
"P.O. Box 307, 1017 Vehicula Ave",Mojokerto,51146,Afghanistan
5424 Adipiscing St.,Reinbek,39393,Botswana
"Ap #555-8758 Nec, Street",Wernigerode,T1K 3W7,Mozambique
"730-2793 Montes, Street",Madurai,329213,Vanuatu
Ap #336-3949 Dictum Ave,Guaitecas,66662,Eritrea
"475 At, Rd.",Sunderland,31313,Belize
Ap #594-2680 Fusce St.,Paal,761164,Iceland